chrom	start	end	HI_evidence	TS_evidence
10	79923087	86979631	SufficientEvidence	LittleEvidence
11	43873250	46130899	SufficientEvidence	NoEvidence
11	31781961	32489442	SufficientEvidence	LittleEvidence
15	22782170	23040134	SufficientEvidence	SensitivityUnlikely
15	22782170	28134728	SufficientEvidence	SufficientEvidence
15	23465365	28134728	SufficientEvidence	SufficientEvidence
15	30900686	32153204	SufficientEvidence	LittleEvidence
15	31727418	32153204	SufficientEvidence	SensitivityUnlikely
15	72671374	75215971	SufficientEvidence	LittleEvidence
15	72671374	75680568	SufficientEvidence	LittleEvidence
15	75339446	75680568	SufficientEvidence	NoEvidence
15	82534140	84045981	SufficientEvidence	NoEvidence
16	28811314	29035178	SufficientEvidence	LittleEvidence
16	29638676	30188531	SufficientEvidence	SufficientEvidence
16	3725055	3880120	SufficientEvidence	LittleEvidence
17	16906714	20309889	SufficientEvidence	SufficientEvidence
17	14194598	15519638	SufficientEvidence	SufficientEvidence
17	1344539	2685615	SufficientEvidence	SufficientEvidence
17	30780079	31937008	SufficientEvidence	EmergingEvidence
17	36458167	37854616	SufficientEvidence	SufficientEvidence
17	45627800	46087514	SufficientEvidence	LittleEvidence
17	60035641	62198448	SufficientEvidence	EmergingEvidence
1	898703	6229913	SufficientEvidence	EmergingEvidence
1	147105904	147917509	SufficientEvidence	EmergingEvidence
1	243124428	245154985	SufficientEvidence	NoEvidence
22	18924718	20299685	SufficientEvidence	SufficientEvidence
22	18924718	21111383	SufficientEvidence	SufficientEvidence
22	21562828	23306924	SufficientEvidence	LittleEvidence
22	21562828	24598466	SufficientEvidence	NoEvidence
22	22776925	24598466	SufficientEvidence	LittleEvidence
22	23489015	24236853	SufficientEvidence	NoEvidence
22	16912063	18109094	NoEvidence	SufficientEvidence
2	58912065	62261736	SufficientEvidence	LittleEvidence
2	96073264	97005692	SufficientEvidence	LittleEvidence
2	239032997	241988449	SufficientEvidence	NoEvidence
3	136684193	148623326	SufficientEvidence	NoEvidence
3	196029183	197617791	SufficientEvidence	LittleEvidence
4	337779	2009235	SufficientEvidence	EmergingEvidence
5	37695	11347150	SufficientEvidence	EmergingEvidence
5	176301976	177620792	SufficientEvidence	SufficientEvidence
6	143922155	144095424	LittleEvidence	SufficientEvidence
7	5497217	5760091	SufficientEvidence	LittleEvidence
7	73330452	74728172	SufficientEvidence	SufficientEvidence
7	156791102	156791874	NoEvidence	SufficientEvidence
8	8242542	11908820	SufficientEvidence	EmergingEvidence
14	100724515	100833215	SufficientEvidence	NoEvidence
17	69896855	71796293	SufficientEvidence	LittleEvidence
X	53334251	53766556	NoEvidence	SufficientEvidence
X	48447780	52444264	NoEvidence	SufficientEvidence
X	43654906	43882474	SufficientEvidence	NoEvidence
X	30176883	30336883	NoEvidence	SufficientEvidence
X	6537771	8156913	SufficientEvidence	SensitivityUnlikely
X	123900469	124102669	SufficientEvidence	SufficientEvidence
X	154396223	154555683	NoEvidence	SufficientEvidence
X	154890328	155335092	SufficientEvidence	SufficientEvidence
X	154008529	154110279	NoEvidence	SufficientEvidence
